slug,title,metaDescription,author,publishDate,categories,url
12-profetas-menores-resumen-y-mensajes-principales,"12 Profetas Menores: Resumen y Mensajes Principales","Explora los mensajes y temas centrales de los 12 Profetas, revelando su relevancia en la justicia, el arrepentimiento y la relación con Dios","EstherEstherByEstherByEstherByEstherByEsther",,"",https://www.labibliaexplicada.com/articulos/12-profetas-menores-resumen-y-mensajes-principales
5-pasos-para-entender-el-libro-de-apocalipsis,"5 Pasos para Entender el Libro de Apocalipsis","Comprende el mensaje del Apocalipsis en 5 pasos clave que transformarán tu perspectiva y fortalecerán tu fe en tiempos difíciles.","EstherEstherByEstherByEstherByEstherByEsther",,"",https://www.labibliaexplicada.com/articulos/5-pasos-para-entender-el-libro-de-apocalipsis
7-mujeres-poderosas-del-antiguo-testamento-sus-historias,"7 Mujeres Poderosas del Antiguo Testamento: Sus Historias","Explora las historias de siete mujeres poderosas del Antiguo Testamento que transformaron sus comunidades con fe y valentía.","EstherEstherByEstherByEstherByEstherByEsther",,"",https://www.labibliaexplicada.com/articulos/7-mujeres-poderosas-del-antiguo-testamento-sus-historias
balaam-y-el-asna-que-hablo,"Balaam y el Asna que Habló","Esta historia nos invita a reflexionar sobre cómo Dios puede comunicarse a través de medios inesperados y la importancia de estar atentos.","EstherEstherByEstherByEstherByEstherByEsther",,"",https://www.labibliaexplicada.com/articulos/balaam-y-el-asna-que-hablo
como-la-ropa-simple-refleja-humildad-en-la-biblia,"Cómo la Ropa Simple Refleja Humildad en la Biblia","La ropa simple en la Biblia simboliza humildad y devoción a Dios, destacando la belleza del carácter interior sobre las apariencias externas","EstherEstherByEstherByEstherByEstherByEsther",,"",https://www.labibliaexplicada.com/articulos/como-la-ropa-simple-refleja-humildad-en-la-biblia
como-los-10-mandamientos-reflejan-el-pacto-en-el-sinai,"Cómo los 10 Mandamientos Reflejan el Pacto en el Sinaí","Explora cómo los Diez Mandamientos establecen un pacto entre Dios e Israel, definiendo su relación y principios éticos fundamentales.","EstherEstherByEstherByEstherByEstherByEsther",,"",https://www.labibliaexplicada.com/articulos/como-los-10-mandamientos-reflejan-el-pacto-en-el-sinai
contexto-judio-de-los-milagros-de-jesus,"Contexto judío de los milagros de Jesús","Los milagros de Jesús se entienden mejor en su contexto judío, revelando creencias profundas, conflictos con líderes religiosos de su tiempo","EstherEstherByEstherByEstherByEstherByEsther",,"",https://www.labibliaexplicada.com/articulos/contexto-judio-de-los-milagros-de-jesus
continua-la-busqueda-del-sospechoso-del-asesinato-de-charlie-kirk,"Continúa la búsqueda del sospechoso del asesinato de Charlie Kirk","Cobertura en vivo de la persecución tras el tiroteo contra Charlie Kirk en la Universidad del Valle de Utah.","EstherEstherByEstherByEstherByEstherByEsther",,"",https://www.labibliaexplicada.com/articulos/continua-la-busqueda-del-sospechoso-del-asesinato-de-charlie-kirk
debora-la-mujer-que-lidero-a-israel-a-la-victoria,"Débora, la mujer que lideró a Israel a la victoria","A través de su valentía y fe inquebrantable, Débora nos enseña que el verdadero liderazgo nace de la disposición a servir.","EstherEstherByEstherByEstherByEstherByEsther",,"",https://www.labibliaexplicada.com/articulos/debora-la-mujer-que-lidero-a-israel-a-la-victoria
el-dia-en-que-el-sol-se-detuvo-en-gabaon,"El Día en que el Sol se Detuvo en Gabaón","El Día en que el Sol se Detuvo en Gabaón: La Historia de Josué y la Fe Inquebrantable que Venció lo Imposible.","EstherEstherByEstherByEstherByEstherByEsther",,"",https://www.labibliaexplicada.com/articulos/el-dia-en-que-el-sol-se-detuvo-en-gabaon
el-juicio-de-salomon-y-la-verdadera-madre,"El juicio de Salomón y la verdadera madre","Una lección de sabiduría divina, discernimiento y justicia que trasciende el entendimiento humano","EstherEstherByEstherByEstherByEstherByEsther",,"",https://www.labibliaexplicada.com/articulos/el-juicio-de-salomon-y-la-verdadera-madre
el-milagro-del-hacha-flotante-de-eliseo,"El Milagro del Hacha Flotante de Eliseo","En el relato del milagro del hacha flotante de Eliseo, descubrimos cómo Dios demuestra Su poder incluso en las situaciones más cotidianas.","EstherEstherByEstherByEstherByEstherByEsther",,"",https://www.labibliaexplicada.com/articulos/el-milagro-del-hacha-flotante-de-eliseo
el-poder-del-zurdo,"El poder del zurdo","Ehud, el juez zurdo que, desafiando las convenciones de su época, liberó a Israel de la opresión moabita","EstherEstherByEstherByEstherByEstherByEsther",,"",https://www.labibliaexplicada.com/articulos/el-poder-del-zurdo
el-significado-del-borde-del-manto-de-jesus,"El Significado del Borde del Manto de Jesús","El manto de Jesús simboliza la fe y la sanación, mostrando cómo un simple gesto puede transformar vidas a través de una conexión espiritual","EstherEstherByEstherByEstherByEstherByEsther",,"",https://www.labibliaexplicada.com/articulos/el-significado-del-borde-del-manto-de-jesus
el-sueno-de-jacob-y-la-escalera-al-cielo,"El sueño de Jacob y la escalera al cielo","Un encuentro divino que transformó su vida, reveló las promesas de Dios y mostró la conexión entre el cielo y la tierra","EstherEstherByEstherByEstherByEstherByEsther",,"",https://www.labibliaexplicada.com/articulos/el-sueno-de-jacob-y-la-escalera-al-cielo
el-tiempo-de-la-divina-providencia-a-la-tirania-de-las-maquinas,"El Tiempo: De la Divina Providencia a la Tiranía de las Máquinas","Enim omittam qui id, ex quo atqui dictas complectitur. Nec ad timeam accusata, hinc justo falli id eum, ferri novum molestie eos cu.","EstherEstherByEstherByEstherByEstherByEsther",,"",https://www.labibliaexplicada.com/articulos/el-tiempo-de-la-divina-providencia-a-la-tirania-de-las-maquinas
elias-y-el-fuego-del-cielo-en-el-monte-carmelo,"Elías y el fuego del cielo en el monte Carmelo","Una poderosa demostración de la soberanía de Dios, la fe audaz y el impacto transformador de defender Su verdad","EstherEstherByEstherByEstherByEstherByEsther",,"",https://www.labibliaexplicada.com/articulos/elias-y-el-fuego-del-cielo-en-el-monte-carmelo
ester-la-reina-que-salvo-a-su-pueblo,"Ester, la reina que salvó a su pueblo","Una lección de fe, coraje y propósito divino en los momentos más críticos","EstherEstherByEstherByEstherByEstherByEsther",,"",https://www.labibliaexplicada.com/articulos/ester-la-reina-que-salvo-a-su-pueblo
evidencia-arqueologica-del-legado-de-babel,"Evidencia arqueológica del legado de Babel","Explora la conexión entre el relato bíblico de la Torre de Babel y el zigurat Etemenanki, revelando su impacto arquitectónico y cultural.","EstherEstherByEstherByEstherByEstherByEsther",,"",https://www.labibliaexplicada.com/articulos/evidencia-arqueologica-del-legado-de-babel
exodo-y-liberacion-de-la-esclavitud,"Exodo y Liberación de la Esclavitud","Explora cómo el relato del Éxodo refleja la lucha por la liberación y la justicia social, conectando con desafíos actuales de opresión.","EstherEstherByEstherByEstherByEstherByEsther",,"",https://www.labibliaexplicada.com/articulos/exodo-y-liberacion-de-la-esclavitud
ezequiel-y-el-valle-de-los-huesos-secos,"Ezequiel y el Valle de los Huesos Secos","Una Profunda Reflexión sobre el Poder Restaurador de Dios que Trae Vida y Renovación en las Situaciones Más Desesperadas.","EstherEstherByEstherByEstherByEstherByEsther",,"",https://www.labibliaexplicada.com/articulos/ezequiel-y-el-valle-de-los-huesos-secos
gideon-y-los-300-valientes-que-derrotaron-a-un-ejercito,"Gideón y los 300 valientes que derrotaron a un ejército","En la vastedad de las narrativas bíblicas, la historia de Gideón y los 300 valientes emerge como un testimonio elocuente de cómo la debilida","EstherEstherByEstherByEstherByEstherByEsther",,"",https://www.labibliaexplicada.com/articulos/gideon-y-los-300-valientes-que-derrotaron-a-un-ejercito
gilgamesh-la-busqueda-de-un-proposito,"Gilgamesh: la búsqueda de un propósito","Nos adentramos en las profundidades del Poema de Gilgamesh: ¿Qué significado tiene la vida ante la certeza de la muerte?","EstherEstherByEstherByEstherByEstherByEsther",,"",https://www.labibliaexplicada.com/articulos/gilgamesh-la-busqueda-de-un-proposito
guia-basica-como-interpretar-los-salmos-correctamente,"Guía Básica: Cómo Interpretar los Salmos Correctamente","Aprende a interpretar los Salmos, su significado y cómo aplicarlos a tu vida espiritual para fortalecer tu fe y encontrar consuelo.","EstherEstherByEstherByEstherByEstherByEsther",,"",https://www.labibliaexplicada.com/articulos/guia-basica-como-interpretar-los-salmos-correctamente
guia-completa-para-leer-y-entender-el-libro-de-los-salmos,"Guía completa para leer y entender el libro de los Salmos","Explora el Libro de los Salmos con esta guía de sus temas, autores y estructura, y descubre cómo su sabiduría ilumina cada etapa de la vida.","EstherEstherByEstherByEstherByEstherByEsther",,"",https://www.labibliaexplicada.com/articulos/guia-completa-para-leer-y-entender-el-libro-de-los-salmos
importancia-del-contexto-literario-en-la-biblia,"Importancia del Contexto Literario en la Biblia","El contexto literario es clave para interpretar la Biblia correctamente, evitando malentendidos, revelando el mensaje original de los textos","EstherEstherByEstherByEstherByEstherByEsther",,"",https://www.labibliaexplicada.com/articulos/importancia-del-contexto-literario-en-la-biblia
jesus-y-los-saduceos-debate-sobre-la-resurreccion,"Jesús y los saduceos: Debate sobre la resurrección","Analiza el debate entre Jesús y los saduceos sobre la resurrección, subrayando su impacto en la fe cristiana y la comprensión de la vida.","EstherEstherByEstherByEstherByEstherByEsther",,"",https://www.labibliaexplicada.com/articulos/jesus-y-los-saduceos-debate-sobre-la-resurreccion
jonas-y-el-gran-pez-una-leccion-de-obediencia,"Jonás y el gran pez: una lección de obediencia","Una poderosa lección de obediencia, arrepentimiento y la misericordia divina que trasciende nuestra rebeldía","EstherEstherByEstherByEstherByEstherByEsther",,"",https://www.labibliaexplicada.com/articulos/jonas-y-el-gran-pez-una-leccion-de-obediencia
justicia-economica-en-la-biblia-principios-clave,"Justicia económica en la Biblia: Principios clave","Explora los principios bíblicos de justicia económica y cómo aplicarlos hoy para promover equidad y bienestar colectivo.","EstherEstherByEstherByEstherByEstherByEsther",,"",https://www.labibliaexplicada.com/articulos/justicia-economica-en-la-biblia-principios-clave
la-caida-de-los-muros-de-jerico,"La caída de los muros de Jericó","Una poderosa lección de obediencia, fe colectiva y el poder transformador de confiar en los planes divinos","EstherEstherByEstherByEstherByEstherByEsther",,"",https://www.labibliaexplicada.com/articulos/la-caida-de-los-muros-de-jerico
la-misericordia-de-david-hacia-mefiboset,"La Misericordia de David hacia Mefiboset","La Misericordia de David hacia Mefiboset: Una Historia de Gracia y Lealtad que Reflejan el Corazón de Dios.","EstherEstherByEstherByEstherByEstherByEsther",,"",https://www.labibliaexplicada.com/articulos/la-misericordia-de-david-hacia-mefiboset
la-viuda-de-sarepta-y-el-aceite-que-no-se-agoto,"La viuda de Sarepta y el aceite que no se agotó","Una poderosa lección de fe, generosidad y la abundante provisión de Dios en tiempos de escasez","EstherEstherByEstherByEstherByEstherByEsther",,"",https://www.labibliaexplicada.com/articulos/la-viuda-de-sarepta-y-el-aceite-que-no-se-agoto
los-10-mandamientos-significado-y-aplicacion-actual,"Los 10 Mandamientos: Significado y Aplicación Actual","Los 10 Mandamientos ofrecen principios éticos que siguen siendo relevantes, guiando nuestra conducta en la vida moderna y sus relaciones.","EstherEstherByEstherByEstherByEstherByEsther",,"",https://www.labibliaexplicada.com/articulos/los-10-mandamientos-significado-y-aplicacion-actual
los-discipulos-en-el-camino-a-emaus,"Los discípulos en el camino a Emaús","Cómo Jesús transforma la desesperanza en alegría y renueva nuestra fe en los momentos de duda y confusión","EstherEstherByEstherByEstherByEstherByEsther",,"",https://www.labibliaexplicada.com/articulos/los-discipulos-en-el-camino-a-emaus
los-tres-jovenes-en-el-horno-de-fuego-ardiente,"Los Tres Jóvenes en el Horno de Fuego Ardiente","La Fidelidad que Atrae la Presencia Divina y la Protección en las Pruebas Más Difíciles.","EstherEstherByEstherByEstherByEstherByEsther",,"",https://www.labibliaexplicada.com/articulos/los-tres-jovenes-en-el-horno-de-fuego-ardiente
melquisedec-el-misterioso-rey-y-sacerdote,"Melquisedec, el Misterioso Rey y Sacerdote","Una Profunda Exploración de los Misterios y Conexiones Eternas en las Escrituras que Nos Invitan a Sumergirnos en lo Divino.","EstherEstherByEstherByEstherByEstherByEsther",,"",https://www.labibliaexplicada.com/articulos/melquisedec-el-misterioso-rey-y-sacerdote
moises-como-mediador-en-el-sinai,"Moisés como mediador en el Sinaí","Explora el papel de un mediador en la revelación divina y cómo su liderazgo transformó la relación entre Dios e Israel en el Monte Sinaí.","EstherEstherByEstherByEstherByEstherByEsther",,"",https://www.labibliaexplicada.com/articulos/moises-como-mediador-en-el-sinai
naaman-y-el-rio-jordan-sanidad-a-traves-de-la-humildad,"Naamán y el río Jordán: sanidad a través de la humildad","Una poderosa lección de humildad, obediencia y fe en los métodos divinos para alcanzar la sanidad y la restauración","EstherEstherByEstherByEstherByEstherByEsther",,"",https://www.labibliaexplicada.com/articulos/naaman-y-el-rio-jordan-sanidad-a-traves-de-la-humildad
oseas-y-su-amor-inquebrantable-por-gomer,"Oseas y su Amor Inquebrantable por Gomer","Una Profunda Alegoría del Amor Persistente y Redentor de Dios que Nos Invita a Regresar sin Importar Cuán Lejos Hayamos Ido.","EstherEstherByEstherByEstherByEstherByEsther",,"",https://www.labibliaexplicada.com/articulos/oseas-y-su-amor-inquebrantable-por-gomer
parabolas-de-jesus-vs-historias-biblicas-comparacion,"Parábolas de Jesús vs Historias Bíblicas: Comparación","Explora las diferencias entre las parábolas de Jesús y las historias bíblicas, y cómo ambos enfoques enriquecen la enseñanza espiritual.","EstherEstherByEstherByEstherByEstherByEsther",,"",https://www.labibliaexplicada.com/articulos/parabolas-de-jesus-vs-historias-biblicas-comparacion
por-que-jesus-limpio-el-templo,"¿Por qué Jesús limpió el templo?","Explora por qué Jesús limpió el templo, denunciando la corrupción y el abuso económico en lugar sagrado y llamó a una adoración auténtica.","EstherEstherByEstherByEstherByEstherByEsther",,"",https://www.labibliaexplicada.com/articulos/por-que-jesus-limpio-el-templo
principios-biblicos-de-justicia-y-liberacion,"Principios Bíblicos de Justicia y Liberación","Explora los principios bíblicos de justicia y liberación, que destacan la importancia de cuidar a los vulnerables y transformar las relacion","EstherEstherByEstherByEstherByEstherByEsther",,"",https://www.labibliaexplicada.com/articulos/principios-biblicos-de-justicia-y-liberacion
que-significa-ser-creado-a-imagen-de-dios,"¿Qué Significa Ser Creado a Imagen de Dios?","Explora el significado de ser creado a imagen de Dios, su impacto en nuestra dignidad, ética y relaciones, cómo se restaura a través de Cris","EstherEstherByEstherByEstherByEstherByEsther",,"",https://www.labibliaexplicada.com/articulos/que-significa-ser-creado-a-imagen-de-dios
quien-era-maria-magdalena-historia-y-verdades-biblicas,"¿Quién Era María Magdalena? Historia y Verdades Bíblicas","María Magdalena, figura central del cristianismo, es redescubierta como símbolo de fe y liderazgo femenino, desafiando mitos históricos.","EstherEstherByEstherByEstherByEstherByEsther",,"",https://www.labibliaexplicada.com/articulos/quien-era-maria-magdalena-historia-y-verdades-biblicas
reflejos-eternos-de-la-condicion-humana-cultura-pop,"Reflejos eternos de la condición humana en la cultura pop","Descubre cómo la Biblia y “Dune” comparten temas eternos que reflejan nuestra esencia humana.","EstherEstherByEstherByEstherByEstherByEsther",,"",https://www.labibliaexplicada.com/articulos/reflejos-eternos-de-la-condicion-humana-cultura-pop